-- ============================================
-- Sample Data for Crowdfunding and B2B Marketplace
-- Generated: 2026-01-15 10:59:25
-- ============================================

-- Sample Users
INSERT IGNORE INTO `users` (`id`, `name`, `email`, `username`, `password`, `avatar`, `status`, `role`, `countries_id`, `remember_token`, `token`, `confirmation_code`, `paypal_account`, `payment_gateway`, `bank`, `oauth_uid`, `oauth_provider`, `phone`, `street`, `created_at`, `updated_at`, `date`) VALUES
(2, 'Sarah Kimani', 'sarah.kimani@example.com', 'sarahkimani', '$2y$10$92IXUNpkjO0rOQ5byMi.Ye4oKoEa3Ro9llC/.og/at2.uheWG/igi', 'default.jpg', 'active', 'normal', 'KE', '', '', '', '', '', '', '', '', 0, '', NOW(), NOW(), NOW()),
(3, 'James Ochieng', 'james.ochieng@example.com', 'jamesochieng', '$2y$10$92IXUNpkjO0rOQ5byMi.Ye4oKoEa3Ro9llC/.og/at2.uheWG/igi', 'default.jpg', 'active', 'normal', 'KE', '', '', '', '', '', '', '', '', 0, '', NOW(), NOW(), NOW()),
(4, 'Amina Hassan', 'amina.hassan@example.com', 'aminahassan', '$2y$10$92IXUNpkjO0rOQ5byMi.Ye4oKoEa3Ro9llC/.og/at2.uheWG/igi', 'default.jpg', 'active', 'normal', 'KE', '', '', '', '', '', '', '', '', 0, '', NOW(), NOW(), NOW()),
(5, 'David Mwangi', 'david.mwangi@example.com', 'davidmwangi', '$2y$10$92IXUNpkjO0rOQ5byMi.Ye4oKoEa3Ro9llC/.og/at2.uheWG/igi', 'default.jpg', 'active', 'normal', 'KE', '', '', '', '', '', '', '', '', 0, '', NOW(), NOW(), NOW()),
(6, 'Grace Wanjiku', 'grace.wanjiku@example.com', 'gracewanjiku', '$2y$10$92IXUNpkjO0rOQ5byMi.Ye4oKoEa3Ro9llC/.og/at2.uheWG/igi', 'default.jpg', 'active', 'normal', 'KE', '', '', '', '', '', '', '', '', 0, '', NOW(), NOW(), NOW()),
(7, 'Peter Kipchoge', 'peter.kipchoge@example.com', 'peterkipchoge', '$2y$10$92IXUNpkjO0rOQ5byMi.Ye4oKoEa3Ro9llC/.og/at2.uheWG/igi', 'default.jpg', 'active', 'normal', 'KE', '', '', '', '', '', '', '', '', 0, '', NOW(), NOW(), NOW()),
(8, 'Mary Njeri', 'mary.njeri@example.com', 'marynjeri', '$2y$10$92IXUNpkjO0rOQ5byMi.Ye4oKoEa3Ro9llC/.og/at2.uheWG/igi', 'default.jpg', 'active', 'normal', 'KE', '', '', '', '', '', '', '', '', 0, '', NOW(), NOW(), NOW()),
(9, 'John Kamau', 'john.kamau@example.com', 'johnkamau', '$2y$10$92IXUNpkjO0rOQ5byMi.Ye4oKoEa3Ro9llC/.og/at2.uheWG/igi', 'default.jpg', 'active', 'normal', 'KE', '', '', '', '', '', '', '', '', 0, '', NOW(), NOW(), NOW());

-- Sample Crowdfunding Campaigns
INSERT IGNORE INTO `campaigns` (`id`, `user_id`, `title`, `description`, `goal`, `location`, `categories_id`, `status`, `token_id`, `small_image`, `large_image`, `featured`, `finalized`, `video`, `date`) VALUES
(1, 2, 'AI-Powered Healthcare App for Rural Communities', 'Developing an innovative mobile application that uses artificial intelligence to provide healthcare consultations and medication reminders for rural communities in Kenya. The app will connect patients with qualified doctors via video calls and provide access to affordable healthcare services.', 2500000, 'Nairobi, Kenya', 1, 'active', '4ecc448c23bf93dfadaa2ff4e77e1eb9', 'campaign_1.jpg', 'campaign_1.jpg', '1', '0', '', NOW()),
(2, 3, 'E-Learning Platform for Primary Schools', 'Creating a comprehensive e-learning platform specifically designed for primary school students in Kenya. The platform will include interactive lessons, quizzes, and progress tracking to improve educational outcomes in underserved areas.', 1800000, 'Mombasa, Kenya', 1, 'active', 'd93f202b78d3853fb6644562cbfee2d5', 'campaign_2.jpg', 'campaign_2.jpg', '1', '0', '', NOW()),
(3, 4, 'Online Marketplace for Local Artisans', 'Building an e-commerce platform to connect local artisans and craftspeople with customers across Africa. The platform will help preserve traditional crafts while providing income opportunities for talented artisans.', 1500000, 'Kisumu, Kenya', 2, 'active', '4e339be1aa1ae83ab704c3fed24d8b18', 'campaign_3.jpg', 'campaign_3.jpg', '1', '0', '', NOW()),
(4, 5, 'Sustainable Fashion Brand Launch', 'Launching an eco-friendly fashion brand that uses locally sourced materials and traditional African designs. The brand will create employment opportunities while promoting sustainable fashion practices.', 2000000, 'Nairobi, Kenya', 2, 'active', 'c39ce1ff2022a7826d97f19e64afd5c8', 'campaign_4.jpg', 'campaign_4.jpg', '1', '0', '', NOW()),
(5, 6, 'Organic Farm Expansion Project', 'Expanding our organic farm to increase production of fresh vegetables and fruits. The project will create 50 new jobs and provide healthy, locally-grown produce to communities across Kenya.', 3200000, 'Nakuru, Kenya', 3, 'active', '29376066bc22872de609875307797aab', 'campaign_5.jpg', 'campaign_5.jpg', '1', '0', '', NOW()),
(6, 7, 'Community Restaurant for Healthy Meals', 'Opening a community-focused restaurant that serves nutritious, affordable meals using locally sourced ingredients. The restaurant will also provide cooking classes and nutrition education.', 1200000, 'Eldoret, Kenya', 3, 'active', '00761ccc7d2426f2f65dfd07157ebe86', 'campaign_6.jpg', 'campaign_6.jpg', '1', '0', '', NOW()),
(7, 8, 'Solar Panel Manufacturing Facility', 'Establishing a solar panel manufacturing facility to produce affordable renewable energy solutions for homes and businesses. This will help reduce energy costs and promote sustainable development.', 5000000, 'Thika, Kenya', 4, 'active', '360b34b41f4f17d8e0b4d32f4276bd90', 'campaign_7.jpg', 'campaign_7.jpg', '0', '0', '', NOW()),
(8, 9, 'Recycling Plant for Plastic Waste', 'Building a recycling plant to process plastic waste and create new products. This initiative will help reduce environmental pollution while creating employment opportunities.', 4500000, 'Nairobi, Kenya', 4, 'active', 'd155d6b6cb841e296ef5b6993c1509ed', 'campaign_8.jpg', 'campaign_8.jpg', '0', '0', '', NOW()),
(9, 2, 'Legal Aid Clinic for Low-Income Families', 'Establishing a legal aid clinic to provide free legal services to low-income families. The clinic will help people access justice and understand their legal rights.', 800000, 'Nairobi, Kenya', 5, 'active', '5814d04b090aeba00dfdb916a85108e0', 'campaign_9.jpg', 'campaign_9.jpg', '0', '0', '', NOW()),
(10, 3, 'Accounting Services for Small Businesses', 'Creating a professional accounting firm to help small businesses manage their finances, file taxes, and grow their operations. We will provide affordable services tailored to local businesses.', 1000000, 'Mombasa, Kenya', 5, 'active', '09025a7781b811364894d950842e3ef7', 'campaign_10.jpg', 'campaign_10.jpg', '0', '0', '', NOW()),
(11, 4, 'Affordable Housing Development', 'Building affordable housing units for low and middle-income families. The project will provide quality homes with modern amenities at accessible prices.', 15000000, 'Nairobi, Kenya', 6, 'active', 'd5342b422b54e29dd3a6b6cc80c3a03f', 'campaign_11.jpg', 'campaign_11.jpg', '0', '0', '', NOW()),
(12, 5, 'Green Building Construction Company', 'Starting a construction company focused on eco-friendly building practices. We will use sustainable materials and energy-efficient designs to create environmentally responsible structures.', 8000000, 'Kisumu, Kenya', 6, 'active', '5fb6506384fc169761f5c724b7e3f9fd', 'campaign_12.jpg', 'campaign_12.jpg', '0', '0', '', NOW()),
(13, 6, 'Mobile Health Clinic for Rural Areas', 'Launching a mobile health clinic that travels to rural communities providing free medical check-ups, vaccinations, and health education. The clinic will help improve healthcare access in underserved areas.', 3500000, 'Narok, Kenya', 7, 'active', '52004191312d553170d8ca7b9d77d90f', 'campaign_13.jpg', 'campaign_13.jpg', '0', '0', '', NOW()),
(14, 7, 'Mental Health Support Center', 'Establishing a mental health support center offering counseling, therapy, and support groups. The center will help reduce stigma around mental health and provide accessible care.', 2200000, 'Nairobi, Kenya', 7, 'active', 'b68486d11712a78d18283c05d8f5760f', 'campaign_14.jpg', 'campaign_14.jpg', '0', '0', '', NOW()),
(15, 8, 'Vocational Training Center', 'Creating a vocational training center to teach practical skills like carpentry, plumbing, electrical work, and computer skills. The center will help youth gain employable skills.', 2800000, 'Nakuru, Kenya', 8, 'active', 'c277dc4a38a35a6d00d5940203ce162e', 'campaign_15.jpg', 'campaign_15.jpg', '0', '0', '', NOW()),
(16, 9, 'Digital Skills Training Program', 'Launching a comprehensive digital skills training program for youth and adults. The program will teach coding, digital marketing, graphic design, and other in-demand tech skills.', 1900000, 'Mombasa, Kenya', 8, 'active', 'a812830510f49f6fb4bd31a7493826e3', 'campaign_16.jpg', 'campaign_16.jpg', '0', '0', '', NOW()),
(17, 2, 'Microfinance Platform for Small Businesses', 'Developing a digital microfinance platform that provides quick, affordable loans to small businesses and entrepreneurs. The platform will use innovative credit scoring to serve underserved markets.', 4000000, 'Nairobi, Kenya', 9, 'active', '2f7b58dca53cf000aca05917b185a30c', 'campaign_17.jpg', 'campaign_17.jpg', '0', '0', '', NOW()),
(18, 3, 'Mobile Payment Solution for Farmers', 'Creating a mobile payment solution specifically designed for farmers to receive payments, access credit, and manage their finances. The solution will help improve financial inclusion in rural areas.', 2600000, 'Eldoret, Kenya', 9, 'active', '89ab13c49a7a311f53d8422dfdd1f857', 'campaign_18.jpg', 'campaign_18.jpg', '0', '0', '', NOW()),
(19, 4, 'Electric Vehicle Fleet for Public Transport', 'Launching an electric vehicle fleet for public transportation to reduce carbon emissions and provide affordable, eco-friendly transport options. The fleet will include buses and vans.', 12000000, 'Nairobi, Kenya', 10, 'active', 'a3ce4a300e9bc4e7ff9aa26399e04351', 'campaign_19.jpg', 'campaign_19.jpg', '0', '0', '', NOW()),
(20, 5, 'Last-Mile Delivery Service', 'Starting a last-mile delivery service using motorcycles and bicycles for fast, affordable delivery in urban areas. The service will help small businesses reach customers efficiently.', 1500000, 'Mombasa, Kenya', 10, 'active', 'c966e6706f97b10b836763cd8d7e365c', 'campaign_20.jpg', 'campaign_20.jpg', '0', '0', '', NOW()),
(21, 6, 'Digital Marketing Agency for SMEs', 'Establishing a digital marketing agency to help small and medium enterprises grow their online presence. We will provide social media management, SEO, and digital advertising services.', 1100000, 'Nairobi, Kenya', 11, 'active', '816f1b86c06f15ca66e23335f0f6553c', 'campaign_21.jpg', 'campaign_21.jpg', '0', '0', '', NOW()),
(22, 7, 'Content Creation Studio', 'Creating a professional content creation studio for video production, photography, and graphic design. The studio will serve businesses, creators, and organizations.', 2400000, 'Kisumu, Kenya', 11, 'active', '28d36dad3ad9e1c62b3536021a0d34a8', 'campaign_22.jpg', 'campaign_22.jpg', '0', '0', '', NOW()),
(23, 8, 'Solar Power Installation Service', 'Starting a solar power installation service to help homes and businesses transition to renewable energy. We will provide affordable solar solutions with financing options.', 3000000, 'Nakuru, Kenya', 12, 'active', '3b665ee7c7b0854a74ea5a206fc02503', 'campaign_23.jpg', 'campaign_23.jpg', '0', '0', '', NOW()),
(24, 9, 'Biogas Production from Organic Waste', 'Establishing a biogas production facility that converts organic waste into clean cooking gas. This will help reduce deforestation and provide affordable energy to communities.', 3800000, 'Eldoret, Kenya', 12, 'active', '0b07cd6c2e6a79c26bd95f2a7212437d', 'campaign_24.jpg', 'campaign_24.jpg', '0', '0', '', NOW()),
(25, 2, 'Modern Poultry Farm Expansion', 'Expanding our modern poultry farm to increase egg and meat production. The expansion will create jobs and provide affordable protein to local communities.', 4200000, 'Kiambu, Kenya', 13, 'active', '28077b7442335c21c52d3e85500ae382', 'campaign_25.jpg', 'campaign_25.jpg', '0', '0', '', NOW()),
(26, 3, 'Dairy Processing Plant', 'Building a dairy processing plant to produce milk, yogurt, and cheese from local farmers. The plant will help farmers get better prices and provide quality dairy products.', 5500000, 'Narok, Kenya', 13, 'active', '6f7e94c0a8a81df6b93431dd7317d22c', 'campaign_26.jpg', 'campaign_26.jpg', '0', '0', '', NOW()),
(27, 4, 'Eco-Tourism Lodge Development', 'Developing an eco-tourism lodge that promotes sustainable tourism while preserving local culture and environment. The lodge will create employment and support local communities.', 18000000, 'Maasai Mara, Kenya', 14, 'active', 'd5b64fcb0a247c2ede43fa2a4be1f49c', 'campaign_27.jpg', 'campaign_27.jpg', '0', '0', '', NOW()),
(28, 5, 'Cultural Experience Tour Company', 'Starting a tour company that offers authentic cultural experiences, connecting tourists with local communities. The company will promote cultural preservation and create income opportunities.', 1600000, 'Lamu, Kenya', 14, 'active', 'e006d4e0cb2ea060cd22193383b7a46f', 'campaign_28.jpg', 'campaign_28.jpg', '0', '0', '', NOW()),
(29, 6, 'African Music Production Studio', 'Establishing a professional music production studio to support local artists and promote African music. The studio will provide recording, mixing, and mastering services.', 3200000, 'Nairobi, Kenya', 15, 'active', 'f88e95282412d67bd503940bfe2bf1c1', 'campaign_29.jpg', 'campaign_29.jpg', '0', '0', '', NOW()),
(30, 7, 'Online Streaming Platform for African Content', 'Creating an online streaming platform dedicated to African movies, TV shows, and documentaries. The platform will showcase local talent and stories.', 6000000, 'Nairobi, Kenya', 15, 'active', 'e65e3856d67fa752b1cf125a3f717ef0', 'campaign_30.jpg', 'campaign_30.jpg', '0', '0', '', NOW()),
(31, 8, 'Business Consulting Firm for Startups', 'Establishing a consulting firm to help startups and small businesses with strategy, operations, and growth. We will provide affordable consulting services tailored to local markets.', 900000, 'Nairobi, Kenya', 16, 'active', '6b92c9e45116a0aba83bcde253f27bd5', 'campaign_31.jpg', 'campaign_31.jpg', '0', '0', '', NOW()),
(32, 9, 'HR Consulting Services', 'Creating an HR consulting firm to help businesses with recruitment, training, and human resource management. We will help companies build strong teams and improve workplace culture.', 1300000, 'Mombasa, Kenya', 16, 'active', 'afc2fa09b22b42fe1cbf3998de5fc5a6', 'campaign_32.jpg', 'campaign_32.jpg', '0', '0', '', NOW()),
(33, 2, 'Sustainable Fashion Brand', 'Launching a sustainable fashion brand that uses eco-friendly materials and ethical production practices. The brand will create beautiful, affordable clothing while protecting the environment.', 2100000, 'Nairobi, Kenya', 17, 'active', 'e44c83df9003efba87a0f9bec9af57d9', 'campaign_33.jpg', 'campaign_33.jpg', '0', '0', '', NOW()),
(34, 3, 'African Print Clothing Line', 'Creating a clothing line that celebrates African prints and designs. The line will include modern, stylish pieces that incorporate traditional African patterns and fabrics.', 1700000, 'Kisumu, Kenya', 17, 'active', '486364265946bf6b0bc56815591d0ef1', 'campaign_34.jpg', 'campaign_34.jpg', '0', '0', '', NOW());

-- Sample Business Listings
INSERT IGNORE INTO `business_listings` (`id`, `user_id`, `title`, `slug`, `description`, `short_description`, `industry`, `stage`, `location`, `asking_price`, `annual_revenue`, `annual_profit`, `years_in_business`, `employees`, `business_type`, `main_image`, `status`, `featured`, `verified`, `created_at`, `updated_at`) VALUES
(1, 2, 'Established SaaS Platform for Small Businesses', 'established-saas-platform-for-small-businesses-1', 'Profitable SaaS platform serving 5,000+ small businesses across East Africa. Features include inventory management, accounting, and customer relationship management. Strong recurring revenue model with 95% customer retention rate.', 'Profitable SaaS platform with 5,000+ active users and strong recurring revenue.', 'Technology & Software', 'established', 'Nairobi, Kenya', 45000000, 12000000, 4800000, 5, 25, 'B2B', 'listing_1.jpg', 'active', 1, 1, NOW(), NOW()),
(2, 3, 'Mobile App Development Company', 'mobile-app-development-company-2', 'Well-established mobile app development company with portfolio of 50+ successful apps. Team of 15 developers specializing in iOS and Android. Strong client relationships and proven track record.', 'Mobile app development company with 50+ successful apps and 15-person team.', 'Technology & Software', 'established', 'Mombasa, Kenya', 28000000, 8500000, 3200000, 4, 15, 'B2B', 'listing_2.jpg', 'active', 1, 1, NOW(), NOW()),
(3, 4, 'Online Fashion Retail Store', 'online-fashion-retail-store-3', 'Successful online fashion retail store with 20,000+ active customers. Strong social media presence and brand recognition. Inventory includes clothing, accessories, and footwear. Established supply chain and logistics.', 'Online fashion store with 20,000+ customers and strong brand presence.', 'E-commerce & Retail', 'established', 'Nairobi, Kenya', 35000000, 15000000, 5500000, 6, 18, 'B2C', 'listing_3.jpg', 'active', 1, 1, NOW(), NOW()),
(4, 5, 'Electronics Retail Chain', 'electronics-retail-chain-4', 'Chain of 3 electronics retail stores in prime locations. Selling smartphones, laptops, accessories, and home appliances. Established supplier relationships and loyal customer base.', 'Electronics retail chain with 3 stores and strong supplier relationships.', 'E-commerce & Retail', 'established', 'Kisumu, Kenya', 42000000, 18000000, 6500000, 8, 35, 'B2C', 'listing_4.jpg', 'active', 1, 1, NOW(), NOW()),
(5, 6, 'Popular Restaurant Chain', 'popular-restaurant-chain-5', 'Well-known restaurant chain with 4 locations serving authentic African cuisine. Strong brand reputation, loyal customer base, and consistent profitability. Prime locations with high foot traffic.', 'Restaurant chain with 4 locations and strong brand reputation.', 'Food & Beverage', 'established', 'Nairobi, Kenya', 55000000, 22000000, 8800000, 10, 60, 'B2C', 'listing_5.jpg', 'active', 1, 1, NOW(), NOW()),
(6, 7, 'Coffee Roasting and Distribution Business', 'coffee-roasting-and-distribution-business-6', 'Established coffee roasting business supplying premium coffee to cafes, restaurants, and retail stores. Direct relationships with local coffee farmers. Strong brand and growing market demand.', 'Coffee roasting business with direct farmer relationships and growing demand.', 'Food & Beverage', 'established', 'Nakuru, Kenya', 32000000, 12000000, 4800000, 7, 22, 'B2B & B2C', 'listing_6.jpg', 'active', 1, 1, NOW(), NOW()),
(7, 8, 'Plastic Manufacturing Plant', 'plastic-manufacturing-plant-7', 'Modern plastic manufacturing facility producing packaging materials, containers, and household items. State-of-the-art equipment, established customer base, and strong market position.', 'Plastic manufacturing plant with modern equipment and established customers.', 'Manufacturing & Production', 'established', 'Thika, Kenya', 85000000, 35000000, 14000000, 12, 85, 'B2B', 'listing_7.jpg', 'active', 0, 1, NOW(), NOW()),
(8, 9, 'Textile Manufacturing Company', 'textile-manufacturing-company-8', 'Textile manufacturing company producing fabrics for local and export markets. Modern production facilities, skilled workforce, and established distribution network. Strong growth potential.', 'Textile manufacturing with modern facilities and export capabilities.', 'Manufacturing & Production', 'established', 'Eldoret, Kenya', 68000000, 28000000, 11200000, 9, 70, 'B2B', 'listing_8.jpg', 'active', 0, 1, NOW(), NOW()),
(9, 2, 'Accounting and Tax Services Firm', 'accounting-and-tax-services-firm-9', 'Established accounting firm serving 500+ clients including small businesses and individuals. Services include bookkeeping, tax preparation, financial consulting, and audit services. Strong reputation and recurring revenue.', 'Accounting firm with 500+ clients and strong recurring revenue.', 'Professional Services', 'established', 'Nairobi, Kenya', 25000000, 9500000, 3800000, 8, 20, 'B2B', 'listing_9.jpg', 'active', 0, 1, NOW(), NOW()),
(10, 3, 'Legal Services Practice', 'legal-services-practice-10', 'Well-established law firm specializing in corporate law, commercial transactions, and business advisory. Team of 12 experienced lawyers serving corporate clients and high-net-worth individuals.', 'Law firm with 12 lawyers specializing in corporate and commercial law.', 'Professional Services', 'established', 'Mombasa, Kenya', 38000000, 15000000, 6000000, 11, 12, 'B2B', 'listing_10.jpg', 'active', 0, 1, NOW(), NOW()),
(11, 4, 'Real Estate Development Company', 'real-estate-development-company-11', 'Established real estate development company with portfolio of residential and commercial projects. Strong track record, experienced team, and valuable land assets. Multiple projects in pipeline.', 'Real estate developer with strong portfolio and valuable land assets.', 'Real Estate & Construction', 'established', 'Nairobi, Kenya', 120000000, 45000000, 18000000, 15, 45, 'B2C', 'listing_11.jpg', 'active', 0, 1, NOW(), NOW()),
(12, 5, 'Construction Materials Supply Business', 'construction-materials-supply-business-12', 'Wholesale supplier of construction materials including cement, steel, timber, and hardware. Established relationships with major construction companies. Strong cash flow and inventory management.', 'Construction materials supplier with established contractor relationships.', 'Real Estate & Construction', 'established', 'Nakuru, Kenya', 48000000, 20000000, 8000000, 10, 30, 'B2B', 'listing_12.jpg', 'active', 0, 1, NOW(), NOW()),
(13, 6, 'Private Medical Clinic', 'private-medical-clinic-13', 'Well-equipped private medical clinic offering general practice, specialist consultations, and diagnostic services. Modern facilities, experienced medical staff, and strong patient base. Prime location.', 'Private medical clinic with modern facilities and experienced staff.', 'Healthcare & Medical Business', 'established', 'Nairobi, Kenya', 65000000, 25000000, 10000000, 12, 28, 'B2C', 'listing_13.jpg', 'active', 0, 0, NOW(), NOW()),
(14, 7, 'Pharmacy Chain', 'pharmacy-chain-14', 'Chain of 5 pharmacies in strategic locations. Well-stocked inventory, licensed operations, and loyal customer base. Strong relationships with pharmaceutical suppliers and insurance companies.', 'Pharmacy chain with 5 locations and strong supplier relationships.', 'Healthcare & Medical Business', 'established', 'Mombasa, Kenya', 72000000, 28000000, 11200000, 14, 40, 'B2C', 'listing_14.jpg', 'active', 0, 0, NOW(), NOW()),
(15, 8, 'Private School Network', 'private-school-network-15', 'Network of 3 private schools offering quality education from primary to secondary level. Strong academic performance, experienced teachers, and modern facilities. Established reputation.', 'Private school network with 3 schools and strong academic reputation.', 'Education & Training Business', 'established', 'Nairobi, Kenya', 95000000, 38000000, 15200000, 16, 120, 'B2C', 'listing_15.jpg', 'active', 0, 0, NOW(), NOW()),
(16, 9, 'Professional Training Institute', 'professional-training-institute-16', 'Vocational training institute offering courses in IT, business, hospitality, and technical skills. Accredited programs, experienced instructors, and strong job placement record.', 'Vocational training institute with accredited programs and strong placement record.', 'Education & Training Business', 'established', 'Kisumu, Kenya', 42000000, 16000000, 6400000, 9, 35, 'B2C', 'listing_16.jpg', 'active', 0, 0, NOW(), NOW()),
(17, 2, 'Microfinance Institution', 'microfinance-institution-17', 'Licensed microfinance institution serving small businesses and individuals. Strong loan portfolio, low default rates, and profitable operations. Growing customer base and expansion opportunities.', 'Microfinance institution with strong portfolio and profitable operations.', 'Finance & Fintech', 'established', 'Nairobi, Kenya', 150000000, 60000000, 24000000, 18, 65, 'B2C', 'listing_17.jpg', 'active', 0, 0, NOW(), NOW()),
(18, 3, 'Payment Processing Platform', 'payment-processing-platform-18', 'Established payment processing platform serving merchants and businesses. Integrated with major banks and mobile money providers. Strong transaction volume and recurring revenue model.', 'Payment processing platform with strong transaction volume and bank integrations.', 'Finance & Fintech', 'established', 'Nairobi, Kenya', 180000000, 72000000, 28800000, 7, 55, 'B2B', 'listing_18.jpg', 'active', 0, 0, NOW(), NOW()),
(19, 4, 'Logistics and Freight Company', 'logistics-and-freight-company-19', 'Established logistics company providing freight, warehousing, and distribution services. Fleet of 25 vehicles, warehouse facilities, and established client relationships. Strong market position.', 'Logistics company with 25-vehicle fleet and warehouse facilities.', 'Transportation & Logistics', 'established', 'Nairobi, Kenya', 88000000, 35000000, 14000000, 11, 75, 'B2B', 'listing_19.jpg', 'active', 0, 0, NOW(), NOW()),
(20, 5, 'Taxi and Ride-Hailing Service', 'taxi-and-ride-hailing-service-20', 'Established taxi and ride-hailing service with fleet of 50 vehicles and mobile app. Strong brand recognition, loyal customer base, and profitable operations. Expansion opportunities available.', 'Ride-hailing service with 50-vehicle fleet and mobile app.', 'Transportation & Logistics', 'established', 'Mombasa, Kenya', 55000000, 22000000, 8800000, 6, 45, 'B2C', 'listing_20.jpg', 'active', 0, 0, NOW(), NOW()),
(21, 6, 'Full-Service Marketing Agency', 'full-service-marketing-agency-21', 'Comprehensive marketing agency offering digital marketing, branding, advertising, and PR services. Portfolio of 200+ successful campaigns, strong client relationships, and creative team.', 'Marketing agency with 200+ campaigns and comprehensive service offerings.', 'Marketing & Advertising', 'established', 'Nairobi, Kenya', 32000000, 12000000, 4800000, 8, 28, 'B2B', 'listing_21.jpg', 'active', 0, 0, NOW(), NOW()),
(22, 7, 'Digital Advertising Platform', 'digital-advertising-platform-22', 'Digital advertising platform connecting advertisers with publishers. Proprietary technology, strong advertiser base, and growing revenue. Scalable business model with expansion potential.', 'Digital advertising platform with proprietary technology and growing revenue.', 'Marketing & Advertising', 'early', 'Nairobi, Kenya', 25000000, 8500000, 3200000, 3, 18, 'B2B', 'listing_22.jpg', 'active', 0, 0, NOW(), NOW()),
(23, 8, 'Solar Energy Installation Company', 'solar-energy-installation-company-23', 'Established solar energy company providing installation, maintenance, and consulting services. Strong track record, experienced team, and growing market demand. Multiple commercial and residential projects.', 'Solar energy company with strong track record and growing demand.', 'Energy & Utilities', 'established', 'Nakuru, Kenya', 45000000, 18000000, 7200000, 7, 32, 'B2B & B2C', 'listing_23.jpg', 'active', 0, 0, NOW(), NOW()),
(24, 9, 'Water Purification and Distribution', 'water-purification-and-distribution-24', 'Water purification and distribution business serving residential and commercial customers. Modern filtration systems, established customer base, and recurring revenue model.', 'Water purification business with modern systems and recurring revenue.', 'Energy & Utilities', 'established', 'Eldoret, Kenya', 38000000, 15000000, 6000000, 9, 25, 'B2C', 'listing_24.jpg', 'active', 0, 0, NOW(), NOW()),
(25, 2, 'Large-Scale Commercial Farm', 'large-scale-commercial-farm-25', 'Commercial farm producing maize, wheat, and vegetables on 500 acres. Modern irrigation systems, mechanized equipment, and established market channels. Strong profitability and growth potential.', 'Commercial farm on 500 acres with modern equipment and established markets.', 'Agriculture & Farming Business', 'established', 'Narok, Kenya', 120000000, 48000000, 19200000, 20, 95, 'B2B', 'listing_25.jpg', 'active', 0, 0, NOW(), NOW()),
(26, 3, 'Dairy Farm and Processing', 'dairy-farm-and-processing-26', 'Integrated dairy operation with 200 dairy cows, processing facility, and distribution network. Producing milk, yogurt, and cheese. Strong brand and market presence.', 'Integrated dairy operation with 200 cows and processing facility.', 'Agriculture & Farming Business', 'established', 'Kiambu, Kenya', 75000000, 30000000, 12000000, 15, 50, 'B2B & B2C', 'listing_26.jpg', 'active', 0, 0, NOW(), NOW()),
(27, 4, 'Boutique Hotel Chain', 'boutique-hotel-chain-27', 'Chain of 3 boutique hotels in prime tourist locations. Unique design, excellent service, and strong online presence. High occupancy rates and loyal customer base.', 'Boutique hotel chain with 3 properties and strong online presence.', 'Hospitality & Tourism Business', 'established', 'Maasai Mara, Kenya', 180000000, 72000000, 28800000, 12, 85, 'B2C', 'listing_27.jpg', 'active', 0, 0, NOW(), NOW()),
(28, 5, 'Safari Tour Operator', 'safari-tour-operator-28', 'Established safari tour operator offering wildlife tours, cultural experiences, and adventure activities. Strong relationships with lodges, experienced guides, and excellent customer reviews.', 'Safari tour operator with strong lodge relationships and excellent reviews.', 'Hospitality & Tourism Business', 'established', 'Nairobi, Kenya', 42000000, 16000000, 6400000, 10, 30, 'B2C', 'listing_28.jpg', 'active', 0, 0, NOW(), NOW()),
(29, 6, 'Music Production and Record Label', 'music-production-and-record-label-29', 'Established music production studio and record label with roster of successful artists. State-of-the-art recording facilities, experienced producers, and strong industry connections.', 'Music production studio and record label with successful artist roster.', 'Media & Entertainment Business', 'established', 'Nairobi, Kenya', 35000000, 14000000, 5600000, 8, 22, 'B2B', 'listing_29.jpg', 'active', 0, 0, NOW(), NOW()),
(30, 7, 'Event Management and Production Company', 'event-management-and-production-company-30', 'Full-service event management company organizing concerts, corporate events, and festivals. Strong vendor relationships, experienced team, and excellent reputation in the industry.', 'Event management company with strong vendor relationships and industry reputation.', 'Media & Entertainment Business', 'established', 'Mombasa, Kenya', 28000000, 11000000, 4400000, 6, 20, 'B2B', 'listing_30.jpg', 'active', 0, 0, NOW(), NOW()),
(31, 8, 'Management Consulting Firm', 'management-consulting-firm-31', 'Established management consulting firm serving SMEs and corporations. Services include strategy, operations, HR, and financial consulting. Strong client portfolio and experienced consultants.', 'Management consulting firm with strong client portfolio and experienced team.', 'Consulting & Advisory', 'established', 'Nairobi, Kenya', 38000000, 15000000, 6000000, 10, 25, 'B2B', 'listing_31.jpg', 'active', 0, 0, NOW(), NOW()),
(32, 9, 'IT Consulting and Solutions Provider', 'it-consulting-and-solutions-provider-32', 'IT consulting firm providing technology solutions, system integration, and IT support services. Strong technical expertise, established client base, and recurring revenue from support contracts.', 'IT consulting firm with strong technical expertise and recurring revenue.', 'Consulting & Advisory', 'established', 'Nairobi, Kenya', 32000000, 12500000, 5000000, 7, 18, 'B2B', 'listing_32.jpg', 'active', 0, 0, NOW(), NOW()),
(33, 2, 'Fashion Design and Manufacturing', 'fashion-design-and-manufacturing-33', 'Fashion design company creating contemporary African-inspired clothing. Design studio, manufacturing facility, and retail outlets. Strong brand identity and growing customer base.', 'Fashion design company with manufacturing facility and retail outlets.', 'Fashion & Apparel Business', 'established', 'Nairobi, Kenya', 45000000, 18000000, 7200000, 9, 40, 'B2C', 'listing_33.jpg', 'active', 0, 0, NOW(), NOW()),
(34, 3, 'Footwear Manufacturing and Retail', 'footwear-manufacturing-and-retail-34', 'Footwear manufacturing company producing quality shoes and sandals. Manufacturing facility, retail stores, and wholesale distribution. Established brand and strong market presence.', 'Footwear manufacturer with retail stores and wholesale distribution.', 'Fashion & Apparel Business', 'established', 'Kisumu, Kenya', 38000000, 15000000, 6000000, 11, 35, 'B2B & B2C', 'listing_34.jpg', 'active', 0, 0, NOW(), NOW());

-- Sample Buyers/Investors
INSERT IGNORE INTO `buyers` (`id`, `user_id`, `type`, `investment_criteria`, `min_investment`, `max_investment`, `verification_status`, `created_at`, `updated_at`) VALUES
(0+1, 2, 'investor', 'Looking for profitable businesses with growth potential', 5000000, 50000000, 'verified', NOW(), NOW()),
(1+1, 3, 'buyer', 'Looking for profitable businesses with growth potential', 10000000, 100000000, 'verified', NOW(), NOW()),
(2+1, 4, 'both', 'Looking for profitable businesses with growth potential', 8000000, 80000000, 'pending', NOW(), NOW()),
(3+1, 5, 'investor', 'Looking for profitable businesses with growth potential', 12000000, 150000000, 'pending', NOW(), NOW());

-- Sample Donations (for campaigns)
INSERT IGNORE INTO `donations` (`id`, `campaigns_id`, `txn_id`, `fullname`, `email`, `country`, `postal_code`, `donation`, `payment_gateway`, `oauth_uid`, `comment`, `date`, `anonymous`, `rewards_id`, `bank_swift_code`, `account_number`, `branch_name`, `branch_address`, `account_name`, `iban`, `approved`, `bank_transfer`) VALUES
(1, 1, 'TXN001', 'Sarah Kimani', 'sarah.kimani@example.com', 'KE', '00100', 50000, 'Paypal', '', 'Thank you for this initiative!', NOW(), '0', 0, '', '', '', '', '', '', '1', ''),
(2, 1, 'TXN002', 'James Ochieng', 'james.ochieng@example.com', 'KE', '00100', 100000, 'Paypal', '', 'Great cause!', NOW(), '0', 0, '', '', '', '', '', '', '1', ''),
(3, 1, 'TXN003', 'Amina Hassan', 'amina.hassan@example.com', 'KE', '00100', 25000, 'Paypal', '', 'Happy to support!', NOW(), '0', 0, '', '', '', '', '', '', '1', ''),
(4, 2, 'TXN004', 'David Mwangi', 'david.mwangi@example.com', 'KE', '00100', 75000, 'Paypal', '', 'Keep up the good work!', NOW(), '0', 0, '', '', '', '', '', '', '1', ''),
(5, 2, 'TXN005', 'Grace Wanjiku', 'grace.wanjiku@example.com', 'KE', '00100', 150000, 'Paypal', '', 'Amazing project!', NOW(), '0', 0, '', '', '', '', '', '', '1', ''),
(6, 2, 'TXN006', 'Peter Kipchoge', 'peter.kipchoge@example.com', 'KE', '00100', 50000, 'Paypal', '', 'Good luck!', NOW(), '0', 0, '', '', '', '', '', '', '1', ''),
(7, 3, 'TXN007', 'Mary Njeri', 'mary.njeri@example.com', 'KE', '00100', 200000, 'Paypal', '', 'Excellent initiative!', NOW(), '0', 0, '', '', '', '', '', '', '1', ''),
(8, 3, 'TXN008', 'John Kamau', 'john.kamau@example.com', 'KE', '00100', 100000, 'Paypal', '', 'Well done!', NOW(), '0', 0, '', '', '', '', '', '', '1', ''),
(9, 3, 'TXN009', 'Sarah Kimani', 'sarah.kimani@example.com', 'KE', '00100', 50000, 'Paypal', '', 'Supporting this!', NOW(), '0', 0, '', '', '', '', '', '', '1', ''),
(10, 4, 'TXN010', 'James Ochieng', 'james.ochieng@example.com', 'KE', '00100', 125000, 'Paypal', '', 'Great work!', NOW(), '0', 0, '', '', '', '', '', '', '1', ''),
(11, 4, 'TXN011', 'Amina Hassan', 'amina.hassan@example.com', 'KE', '00100', 50000, 'Paypal', '', 'Keep it up!', NOW(), '0', 0, '', '', '', '', '', '', '1', ''),
(12, 4, 'TXN012', 'David Mwangi', 'david.mwangi@example.com', 'KE', '00100', 100000, 'Paypal', '', 'Amazing!', NOW(), '0', 0, '', '', '', '', '', '', '1', ''),
(13, 5, 'TXN013', 'Grace Wanjiku', 'grace.wanjiku@example.com', 'KE', '00100', 25000, 'Paypal', '', 'Good cause!', NOW(), '0', 0, '', '', '', '', '', '', '1', ''),
(14, 5, 'TXN014', 'Peter Kipchoge', 'peter.kipchoge@example.com', 'KE', '00100', 75000, 'Paypal', '', 'Excellent!', NOW(), '0', 0, '', '', '', '', '', '', '1', ''),
(15, 5, 'TXN015', 'Mary Njeri', 'mary.njeri@example.com', 'KE', '00100', 150000, 'Paypal', '', 'Well done!', NOW(), '0', 0, '', '', '', '', '', '', '1', ''),
(16, 6, 'TXN016', 'John Kamau', 'john.kamau@example.com', 'KE', '00100', 50000, 'Paypal', '', 'Great initiative!', NOW(), '0', 0, '', '', '', '', '', '', '1', ''),
(17, 6, 'TXN017', 'Sarah Kimani', 'sarah.kimani@example.com', 'KE', '00100', 200000, 'Paypal', '', 'Supporting!', NOW(), '0', 0, '', '', '', '', '', '', '1', ''),
(18, 6, 'TXN018', 'James Ochieng', 'james.ochieng@example.com', 'KE', '00100', 100000, 'Paypal', '', 'Good luck!', NOW(), '0', 0, '', '', '', '', '', '', '1', ''),
(19, 7, 'TXN019', 'Amina Hassan', 'amina.hassan@example.com', 'KE', '00100', 50000, 'Paypal', '', 'Amazing!', NOW(), '0', 0, '', '', '', '', '', '', '1', ''),
(20, 7, 'TXN020', 'David Mwangi', 'david.mwangi@example.com', 'KE', '00100', 125000, 'Paypal', '', 'Keep going!', NOW(), '0', 0, '', '', '', '', '', '', '1', ''),
(21, 7, 'TXN021', 'Grace Wanjiku', 'grace.wanjiku@example.com', 'KE', '00100', 50000, 'Paypal', '', 'Excellent work!', NOW(), '0', 0, '', '', '', '', '', '', '1', ''),
(22, 8, 'TXN022', 'Peter Kipchoge', 'peter.kipchoge@example.com', 'KE', '00100', 100000, 'Paypal', '', 'Great cause!', NOW(), '0', 0, '', '', '', '', '', '', '1', ''),
(23, 8, 'TXN023', 'Mary Njeri', 'mary.njeri@example.com', 'KE', '00100', 25000, 'Paypal', '', 'Well done!', NOW(), '0', 0, '', '', '', '', '', '', '1', ''),
(24, 8, 'TXN024', 'John Kamau', 'john.kamau@example.com', 'KE', '00100', 75000, 'Paypal', '', 'Supporting!', NOW(), '0', 0, '', '', '', '', '', '', '1', ''),
(25, 9, 'TXN025', 'Sarah Kimani', 'sarah.kimani@example.com', 'KE', '00100', 150000, 'Paypal', '', 'Amazing project!', NOW(), '0', 0, '', '', '', '', '', '', '1', ''),
(26, 9, 'TXN026', 'James Ochieng', 'james.ochieng@example.com', 'KE', '00100', 50000, 'Paypal', '', 'Good luck!', NOW(), '0', 0, '', '', '', '', '', '', '1', ''),
(27, 9, 'TXN027', 'Amina Hassan', 'amina.hassan@example.com', 'KE', '00100', 200000, 'Paypal', '', 'Excellent!', NOW(), '0', 0, '', '', '', '', '', '', '1', ''),
(28, 10, 'TXN028', 'David Mwangi', 'david.mwangi@example.com', 'KE', '00100', 100000, 'Paypal', '', 'Great work!', NOW(), '0', 0, '', '', '', '', '', '', '1', ''),
(29, 10, 'TXN029', 'Grace Wanjiku', 'grace.wanjiku@example.com', 'KE', '00100', 50000, 'Paypal', '', 'Keep it up!', NOW(), '0', 0, '', '', '', '', '', '', '1', ''),
(30, 10, 'TXN030', 'Peter Kipchoge', 'peter.kipchoge@example.com', 'KE', '00100', 125000, 'Paypal', '', 'Amazing!', NOW(), '0', 0, '', '', '', '', '', '', '1', '');

